{
    "loss": 10.157629013061523,
    "accuracy": 0.5179855823516846
}{
    "loss": 10.157629013061523,
    "accuracy": 0.5179855823516846
}{
    "loss": 20.424772262573242,
    "accuracy": 0.5179855823516846
}{
    "loss": 20.90615463256836,
    "accuracy": 0.48201438784599304
}{
    "loss": 20.90615463256836,
    "accuracy": 0.48201438784599304
}