{
    "loss": 2.919567823410034,
    "accuracy": 0.7410072088241577
}{
    "loss": 0.4142374098300934,
    "accuracy": 0.9208633303642273
}