{
    "loss": 10.157629013061523,
    "accuracy": 0.5179855823516846
}{
    "loss": 10.157629013061523,
    "accuracy": 0.5179855823516846
}