{
    "loss": 2.919567823410034,
    "accuracy": 0.7410072088241577
}